#,Coin,Price,1h,24h,7d,24h Volume,Mkt Cap,FDV,Mkt Cap/FDV
1,Bitcoin BTC,"$29,701.79",0.6%,2.6%,1.2%,"$9,576,729,673","$575,948,431,256","$624,571,114,035",0.92
2,Ethereum ETH,"$2,003.34",0.4%,6.5%,5.7%,"$11,641,398,452","$241,779,984,353","$241,779,984,353",1.00
3,Tether USDT,$1.00,-0.1%,-0.0%,-0.1%,"$22,681,788,848","$82,099,776,718","$82,099,776,718",1.00
4,BNB BNB,$328.17,0.4%,1.0%,1.1%,"$576,587,841","$51,844,527,762","$65,673,252,624",0.79
5,USD Coin USDC,$1.00,0.2%,0.2%,0.1%,"$6,192,054,943","$30,432,852,440","$30,432,852,440",1.00
6,XRP XRP,$0.467785,-0.0%,1.0%,-2.6%,"$982,269,164","$24,286,611,930","$46,851,143,998",0.52
7,Cardano ADA,$0.395583,0.2%,1.6%,-2.4%,"$261,803,126","$13,909,361,877","$17,860,491,152",0.78
8,Lido Staked Ether STETH,"$2,003.86",0.6%,6.7%,5.9%,"$7,916,301","$12,649,822,751","$12,649,882,857",1.00
9,Dogecoin DOGE,$0.080291777504,-0.1%,2.3%,-0.2%,"$456,214,164","$11,190,860,327",-,-
10,Polygon MATIC,$0.999660,0.0%,1.4%,0.1%,"$277,494,360","$9,265,216,100","$10,017,024,794",0.92
11,Solana SOL,$23.02,0.7%,5.7%,-1.5%,"$526,204,933","$9,151,644,139","$12,694,436,643",0.72
12,Polkadot DOT,$5.88,0.4%,2.9%,-1.2%,"$157,760,687","$7,233,701,549","$7,709,960,806",0.94
13,Litecoin LTC,$88.97,0.3%,0.4%,-0.8%,"$408,850,635","$6,491,460,178","$7,484,202,100",0.87
14,TRON TRX,$0.070898202640,-0.3%,1.7%,6.2%,"$347,792,168","$6,434,335,675","$6,434,335,836",1.00
15,Binance USD BUSD,$1.00,0.1%,0.1%,0.0%,"$969,917,279","$5,998,330,584","$5,998,330,584",1.00
16,Shiba Inu SHIB,$0.000010040348,0.1%,1.2%,-2.5%,"$161,548,337","$5,919,599,928",-,-
17,Avalanche AVAX,$17.41,0.1%,2.6%,-0.9%,"$201,797,295","$5,766,841,561","$12,570,670,530",0.46
18,Dai DAI,$0.999669,-0.0%,0.0%,-0.0%,"$124,060,197","$4,691,197,215","$4,685,419,943",1.00
19,Wrapped Bitcoin WBTC,"$29,739.59",0.4%,2.8%,1.3%,"$200,807,861","$4,594,314,781","$4,594,314,781",1.00
20,Uniswap UNI,$5.58,0.4%,6.1%,0.8%,"$115,000,671","$4,211,197,492","$5,586,871,477",0.75
21,Chainlink LINK,$7.25,0.2%,3.4%,2.8%,"$200,021,707","$3,756,584,174","$7,264,715,496",0.52
22,LEO Token LEO,$3.56,0.0%,-0.0%,1.1%,"$426,676","$3,309,494,318",-,-
23,Cosmos Hub ATOM,$11.25,0.2%,2.2%,-4.0%,"$134,001,592","$3,301,302,231",-,-
24,Toncoin TON,$2.11,-0.0%,0.6%,-2.2%,"$9,420,245","$3,111,790,985","$10,679,660,435",0.29
25,Monero XMR,$158.08,-0.1%,1.9%,3.1%,"$141,823,722","$2,877,578,516",-,-
26,OKB OKB,$46.78,0.4%,0.1%,-1.8%,"$13,251,067","$2,807,389,575","$14,036,947,877",0.20
27,Ethereum Classic ETC,$19.68,0.2%,1.9%,-0.5%,"$88,683,421","$2,776,344,933","$4,154,889,989",0.67
28,Internet Computer ICP,$5.93,-0.2%,-0.6%,-1.9%,"$64,862,486","$2,592,101,990","$2,790,476,500",0.93
29,Stellar XLM,$0.094690803429,0.1%,1.0%,-0.2%,"$47,730,280","$2,542,528,801","$4,747,223,690",0.54
30,Bitcoin Cash BCH,$120.37,0.1%,2.3%,1.9%,"$64,702,896","$2,337,281,671","$2,532,212,290",0.92
31,Filecoin FIL,$5.27,0.2%,-0.0%,-4.0%,"$136,710,665","$2,225,283,907","$10,362,604,993",0.21
32,TrueUSD TUSD,$0.999650,-0.1%,0.0%,-0.0%,"$245,017,221","$2,046,985,914",-,-
33,Aptos APT,$9.85,0.1%,1.9%,-3.2%,"$70,044,539","$1,877,473,433","$10,197,914,099",0.18
34,Hedera HBAR,$0.058582843254,0.1%,1.0%,-3.8%,"$20,176,929","$1,839,257,948","$2,938,102,018",0.63
35,Cronos CRO,$0.069853097261,-0.2%,-1.0%,-10.9%,"$12,102,558","$1,767,287,134",-,-
36,Arbitrum ARB,$1.36,0.0%,3.0%,-1.8%,"$330,781,406","$1,741,256,500","$13,656,913,727",0.13
37,Lido DAO LDO,$1.94,0.2%,1.9%,-7.0%,"$63,323,151","$1,704,255,640","$1,941,164,796",0.88
38,NEAR Protocol NEAR,$1.87,0.1%,1.2%,-2.6%,"$61,358,517","$1,678,995,258","$1,872,108,790",0.90
39,Quant QNT,$114.67,0.5%,1.6%,0.5%,"$15,118,311","$1,671,793,690","$1,679,646,431",1.00
40,Pepe PEPE,$0.000003562455,-5.8%,54.9%,982.0%,"$1,703,213,652","$1,561,853,002","$1,561,853,002",1.00
41,VeChain VET,$0.021238462217,0.2%,2.0%,-5.3%,"$46,932,422","$1,542,970,310","$1,845,164,876",0.84
42,ApeCoin APE,$3.80,0.0%,0.1%,-5.9%,"$67,102,453","$1,401,194,342","$3,801,459,852",0.37
43,Algorand ALGO,$0.182906,0.3%,2.6%,-0.8%,"$49,052,303","$1,321,738,230","$1,829,048,846",0.72
44,Fantom FTM,$0.434572,0.1%,1.0%,2.9%,"$141,986,128","$1,215,280,107","$1,383,978,106",0.88
45,The Graph GRT,$0.134946,0.3%,1.2%,-1.9%,"$51,894,553","$1,211,225,803","$1,353,343,519",0.89
46,EOS EOS,$1.03,0.8%,2.1%,-1.5%,"$113,952,012","$1,132,766,508",-,-
47,The Sandbox SAND,$0.577901,0.2%,1.7%,-1.5%,"$76,341,674","$1,064,213,230","$1,736,185,257",0.61
48,Aave AAVE,$73.61,0.2%,3.7%,2.0%,"$55,454,987","$1,059,252,955","$1,178,051,602",0.90
49,Pax Dollar USDP,$0.999571,-0.0%,0.1%,0.1%,"$9,280,077","$1,044,509,679","$1,044,509,679",1.00
50,MultiversX EGLD,$40.03,0.2%,2.2%,-7.3%,"$34,724,366","$1,018,136,551","$1,260,575,192",0.81
51,Stacks STX,$0.733199,1.1%,-1.1%,2.2%,"$70,100,268","$1,013,997,312","$1,339,837,230",0.76
52,Frax FRAX,$0.999971,0.0%,0.1%,0.0%,"$6,488,716","$1,006,400,832","$1,006,400,832",1.00
53,Theta Network THETA,$1.00,0.1%,1.4%,-0.5%,"$13,980,616","$1,004,820,563","$1,004,820,563",1.00
54,Edgecoin EDGT,$1.00,-0.0%,0.2%,0.1%,"$21,176,178","$1,002,034,302","$1,002,034,302,110",0.00
55,Rocket Pool RPL,$51.68,1.4%,3.6%,11.8%,"$8,269,997","$999,286,596",-,-
56,Decentraland MANA,$0.540853,0.1%,1.3%,-2.1%,"$49,327,100","$987,840,658","$1,187,547,990",0.83
57,Tezos XTZ,$1.02,-0.1%,2.2%,0.7%,"$26,994,447","$952,173,426",-,-
58,Flow FLOW,$0.883691,0.1%,0.1%,-2.2%,"$19,402,554","$917,177,688","$1,267,384,005",0.72
59,Axie Infinity AXS,$7.74,0.2%,2.2%,-2.9%,"$31,644,631","$895,602,336","$2,090,695,057",0.43
60,ImmutableX IMX,$0.914835,-0.1%,1.1%,-11.3%,"$37,327,943","$878,785,414","$1,835,812,917",0.48
61,Synthetix Network SNX,$2.55,-0.7%,2.6%,4.2%,"$48,649,665","$811,663,081","$813,515,150",1.00
62,Radix XRD,$0.079237438623,0.2%,-4.7%,-25.3%,"$4,682,135","$806,936,487","$1,905,508,751",0.42
63,Render RNDR,$2.18,-0.6%,-2.3%,-8.3%,"$116,425,229","$799,578,031","$1,166,736,277",0.69
64,Curve DAO CRV,$0.959619,0.5%,3.2%,3.7%,"$53,700,541","$781,364,958","$3,178,229,330",0.25
65,KuCoin KCS,$7.73,0.5%,-0.8%,-5.4%,"$2,228,132","$749,700,418",-,-
66,BitDAO BIT,$0.508911,-0.4%,5.7%,1.9%,"$16,008,391","$743,795,736","$4,916,438,058",0.15
67,USDD USDD,$0.999694,-0.2%,-0.0%,1.0%,"$21,135,759","$738,013,595",-,-
68,NEO NEO,$10.44,-0.1%,2.6%,-3.4%,"$41,293,225","$737,635,479",-,-
69,Gate GT,$5.29,0.1%,1.5%,0.8%,"$926,305","$736,737,127",-,-
70,Klaytn KLAY,$0.229931,-0.1%,2.2%,2.3%,"$35,576,470","$712,387,209",-,-
71,Chiliz CHZ,$0.131992,0.5%,1.3%,2.9%,"$57,737,489","$706,350,446","$1,174,886,744",0.60
72,WhiteBIT Token WBT,$4.87,-0.2%,2.3%,1.7%,"$10,072,970","$702,691,128","$1,950,314,622",0.36
73,Sui SUI,$1.34,2.8%,2.1%,,"$538,357,588","$699,380,702","$13,238,983,470",0.05
74,Conflux CFX,$0.320539,-0.6%,-1.9%,-4.9%,"$97,381,849","$677,284,888",-,-
75,Maker MKR,$729.30,0.4%,5.9%,4.4%,"$25,825,646","$659,195,060","$735,452,501",0.90
76,Casper Network CSPR,$0.059639658247,-0.1%,-1.4%,8.8%,"$15,122,827","$656,577,474","$698,423,343",0.94
77,Bitcoin SV BSV,$33.47,0.3%,1.4%,-1.5%,"$7,880,869","$644,792,853","$702,823,422",0.92
78,Rocket Pool ETH RETH,"$2,145.63",0.4%,6.7%,6.1%,"$1,156,970","$634,617,094",-,-
79,Injective INJ,$7.86,0.5%,6.1%,-6.7%,"$94,756,601","$629,939,052","$787,369,139",0.80
80,GMX GMX,$72.07,0.4%,5.0%,-0.5%,"$21,855,886","$626,343,180","$955,246,162",0.66
81,Optimism OP,$1.98,-0.1%,-2.7%,-7.6%,"$154,860,771","$625,836,995","$8,537,397,002",0.07
82,Terra Luna Classic LUNC,$0.000103213177,0.0%,-1.1%,-8.5%,"$47,886,980","$609,663,929","$708,944,002",0.86
83,BitTorrent BTT,$0.000000621134,0.3%,-0.2%,-2.7%,"$16,161,960","$590,547,310","$614,492,846",0.96
84,Frax Share FXS,$7.95,0.8%,2.8%,0.8%,"$12,151,061","$570,575,950","$793,696,223",0.72
85,Tokenize Xchange TKX,$7.13,0.1%,8.8%,10.1%,"$13,045,992","$569,395,951","$711,780,528",0.80
86,Mina Protocol MINA,$0.633587,-0.5%,1.1%,-7.1%,"$24,654,668","$568,615,983","$653,539,633",0.87
87,Bitget Token BGB,$0.401235,0.1%,-1.1%,-2.3%,"$16,823,075","$559,317,280","$799,024,116",0.70
88,IOTA MIOTA,$0.199357,-0.1%,1.7%,-0.6%,"$7,357,379","$555,717,221",-,-
89,eCash XEC,$0.000028352414,-0.1%,-1.1%,-4.1%,"$5,320,117","$551,304,567","$597,409,513",0.92
90,Dash DASH,$48.83,0.2%,-0.3%,-2.5%,"$41,588,287","$550,774,774",-,-
91,Gemini Dollar GUSD,$0.999940,0.0%,0.1%,0.2%,"$707,556","$534,318,964","$534,318,964",1.00
92,PAX Gold PAXG,"$2,021.87",-0.0%,-1.3%,2.1%,"$18,039,264","$528,323,448",-,-
93,cETH CETH,$40.26,,6.6%,5.6%,"$1,554.89","$523,796,650","$523,796,650",1.00
94,Huobi HT,$3.22,0.2%,-0.3%,-8.7%,"$8,181,721","$523,763,765","$658,124,028",0.80
95,WOO Network WOO,$0.310512,1.2%,7.4%,6.5%,"$59,700,818","$520,768,897","$697,994,848",0.75
96,XDC Network XDC,$0.037235099373,0.4%,-0.4%,-7.2%,"$4,427,898","$515,531,548",-,-
97,Tether Gold XAUT,"$2,015.21",-0.1%,-1.5%,1.2%,"$7,153,945","$496,774,422","$496,774,422",1.00
98,Trust Wallet TWT,$1.17,0.0%,0.4%,0.6%,"$9,888,427","$490,014,979",-,-
99,PancakeSwap CAKE,$2.44,0.2%,-3.0%,-11.4%,"$74,164,671","$489,318,106","$1,828,742,521",0.27
100,Kaspa KAS,$0.027528232196,2.0%,0.7%,-12.7%,"$9,493,636","$483,691,462",-,-
101,FLOKI FLOKI,$0.000047051710,-1.8%,45.5%,30.7%,"$372,618,854","$468,009,059",-,-
102,Zilliqa ZIL,$0.027374603978,0.1%,0.9%,-5.4%,"$30,704,922","$450,446,933","$575,502,424",0.78
103,Osmosis OSMO,$0.737935,0.2%,1.4%,-6.9%,"$9,866,880","$425,018,209","$738,745,930",0.58
104,Flare FLR,$0.028798108993,-0.1%,-0.8%,-8.0%,"$5,773,485","$423,036,476","$2,907,240,989",0.15
105,Loopring LRC,$0.337334,0.5%,2.4%,-3.1%,"$30,313,595","$421,550,184","$465,032,546",0.91
106,Convex Finance CVX,$5.45,0.1%,5.2%,3.3%,"$3,176,930","$420,202,315","$545,861,719",0.77
107,dYdX DYDX,$2.56,0.1%,2.7%,-5.6%,"$76,274,164","$408,122,226","$2,575,639,862",0.16
108,THORChain RUNE,$1.35,0.6%,2.4%,-0.1%,"$50,036,743","$406,640,948","$676,155,951",0.60
109,Kava KAVA,$0.796694,0.3%,1.4%,1.3%,"$21,722,144","$404,567,081",-,-
110,NEXO NEXO,$0.714058,0.7%,2.1%,1.0%,"$3,437,338","$399,412,974","$713,237,440",0.56
111,Arweave AR,$7.95,-0.1%,1.9%,2.1%,"$10,002,684","$399,336,600","$525,982,908",0.76
112,Enjin Coin ENJ,$0.387923,0.5%,1.5%,-1.9%,"$19,045,313","$386,047,395","$386,047,395",1.00
113,Baby Doge Coin BABYDOGE,$0.000000002437,1.1%,2.5%,-13.2%,"$16,248,227","$380,424,606","$1,023,401,005",0.37
114,1inch 1INCH,$0.465057,0.0%,2.4%,-3.7%,"$14,513,159","$379,887,139","$697,583,729",0.54
115,Nexus Mutual NXM,$55.43,,6.4%,5.4%,"$13,520.53","$373,068,510","$373,068,510",1.00
116,cUSDC CUSDC,$0.022875371675,,0.2%,0.2%,$3.16,"$372,530,415",-,-
117,SingularityNET AGIX,$0.306084,0.2%,-1.3%,-10.5%,"$38,641,038","$371,940,153","$612,513,668",0.61
118,JasmyCoin JASMY,$0.007738369401,0.5%,8.1%,15.0%,"$162,268,124","$368,821,202","$387,661,554",0.95
119,Mask Network MASK,$4.55,0.3%,1.8%,-2.9%,"$34,048,774","$364,975,842","$455,508,071",0.80
120,Basic Attention BAT,$0.243905,-0.1%,1.7%,-3.8%,"$20,288,780","$364,474,099","$367,255,686",0.99
121,Frax Ether FRXETH,"$2,007.42",0.6%,6.8%,6.1%,"$457,024","$361,152,747","$361,152,747",1.00
122,BTSE Token BTSE,$2.11,-0.3%,-0.3%,-0.8%,"$1,071,445","$341,139,939","$421,000,592",0.81
123,Zcash ZEC,$37.25,0.3%,2.0%,-1.4%,"$27,170,581","$337,709,012","$784,063,594",0.43
124,Holo HOT,$0.001855704032,0.3%,1.8%,-3.1%,"$12,242,783","$330,414,923",-,-
125,OKT Chain OKT,$18.43,0.4%,-0.1%,-3.6%,"$1,146,643","$329,054,593","$387,177,711",0.85
126,cDAI CDAI,$0.022222888999,-0.0%,-0.1%,-0.1%,"$10,138.88","$327,647,522","$327,647,522",1.00
127,Fetch.ai FET,$0.314837,0.5%,1.2%,-6.4%,"$42,803,871","$326,215,057","$360,458,627",0.90
128,DeFiChain DFI,$0.467735,0.3%,2.5%,-1.5%,"$4,310,072","$326,037,474",-,-
129,NEM XEM,$0.036210336222,-0.1%,0.6%,-1.6%,"$7,946,967","$325,484,852",-,-
130,Terra LUNA,$1.20,0.3%,-1.8%,-7.5%,"$31,307,659","$320,756,631","$1,301,020,611",0.25
131,Ethereum Name Service ENS,$12.04,0.2%,0.8%,-1.8%,"$21,197,742","$311,590,540","$1,208,500,640",0.26
132,Gnosis GNO,$119.74,0.2%,6.9%,10.3%,"$3,171,201","$310,209,563","$359,373,124",0.86
133,SXP SXP,$0.540320,0.4%,1.9%,-3.4%,"$37,653,501","$305,188,034","$305,188,276",1.00
134,Oasis Network ROSE,$0.060347952461,0.4%,1.3%,-2.7%,"$25,746,263","$304,130,203","$604,709,891",0.50
135,Theta Fuel TFUEL,$0.049356995383,-0.2%,0.1%,-1.5%,"$5,110,361","$302,904,983",-,-
136,Audius AUDIO,$0.288827,0.2%,2.4%,-5.4%,"$8,341,996","$302,592,998","$336,103,698",0.90
137,Qtum QTUM,$2.87,0.3%,2.0%,0.1%,"$15,901,086","$301,558,572",-,-
138,EthereumPoW ETHW,$2.75,0.2%,-2.4%,-6.8%,"$14,356,824","$297,251,196","$297,250,573",1.00
139,Celo CELO,$0.587779,0.2%,0.9%,-3.5%,"$7,846,947","$293,603,236","$589,127,324",0.50
140,Olympus OHM,$10.54,-0.2%,0.6%,1.2%,"$615,462","$292,757,928","$284,015,333",1.03
141,Astar ASTR,$0.062651706140,0.1%,1.6%,-2.2%,"$5,792,947","$283,276,648","$497,991,132",0.57
142,Aleph Zero  AZERO,$1.24,0.5%,3.2%,-6.6%,"$2,544,145","$282,848,000",-,-
143,Liquity USD LUSD,$1.01,-0.0%,0.1%,0.4%,"$2,729,511","$280,755,387",-,-
144,LINK LN,$41.70,0.5%,0.1%,6.0%,"$559,115","$280,474,925",-,-
145,Compound COMP,$40.82,0.3%,2.2%,0.2%,"$15,773,623","$280,100,693","$408,543,158",0.69
146,Chia XCH,$38.61,0.7%,1.4%,-6.7%,"$3,220,169","$278,627,405",-,-
147,Ravencoin RVN,$0.023345572307,0.3%,1.3%,-3.0%,"$6,968,677","$278,287,553",-,-
148,MX MX,$2.78,0.1%,9.3%,19.1%,"$756,404","$278,148,181",-,-
149,SafeMoon [OLD] SAFEMOON,$0.000000006778,0.4%,1.0%,1.1%,$0.060141106845,"$277,800,683",-,-
150,Blur BLUR,$0.599659,0.9%,3.6%,-12.8%,"$71,540,515","$275,427,193","$1,802,196,792",0.15
151,Decred DCR,$18.31,0.1%,-7.0%,-2.4%,"$5,207,332","$275,290,890",-,-
152,ICON ICX,$0.286433,-0.6%,0.6%,-5.1%,"$20,673,874","$274,446,338",-,-
153,yearn.finance YFI,"$8,200.51",0.7%,1.9%,-0.3%,"$23,235,747","$270,554,261","$300,925,970",0.90
154,Huobi BTC HBTC,"$29,823.51",0.9%,3.9%,2.0%,"$58,446.89","$266,896,719","$266,896,719",1.00
155,WEMIX WEMIX,$1.06,1.2%,0.1%,-17.5%,"$4,513,434","$265,365,667","$1,023,043,652",0.26
156,Illuvium ILV,$51.54,0.4%,2.3%,-2.5%,"$9,783,210","$261,620,849",-,-
157,GALA GALA,$0.034584838797,-0.0%,-1.1%,-11.4%,"$142,799,772","$261,561,283","$1,733,917,149",0.15
158,Kusama KSM,$29.01,-0.6%,0.2%,-6.0%,"$22,597,591","$260,807,418","$290,428,251",0.90
159,Beldex BDX,$0.048513265399,-0.1%,-1.0%,-10.7%,"$2,049,335","$258,539,210","$481,293,238",0.54
160,Balancer BAL,$6.29,0.6%,3.7%,3.6%,"$9,481,121","$257,493,395","$605,906,185",0.42
161,DAO Maker DAO,$1.54,-0.6%,-1.4%,-5.0%,"$2,554,354","$256,309,120","$429,084,622",0.60
162,Bitcoin Gold BTG,$14.42,0.7%,0.9%,-2.3%,"$1,712,772","$253,524,737",-,-
163,Convex CRV CVXCRV,$0.860570,-0.2%,2.7%,2.9%,"$38,881.79","$249,778,968",-,-
164,Ankr Network ANKR,$0.030293283484,0.3%,2.6%,-3.6%,"$26,078,235","$247,170,030","$302,796,860",0.82
165,Magic MAGIC,$1.15,1.6%,4.7%,-0.6%,"$39,952,953","$247,052,316","$400,522,800",0.62
166,Golem GLM,$0.240461,0.1%,1.6%,0.9%,"$6,036,981","$240,794,875",-,-
167,Harmony ONE,$0.019429690337,0.4%,1.5%,-4.0%,"$18,319,772","$239,788,045","$256,363,513",0.94
168,STEPN GMT,$0.314710,-0.1%,-1.0%,-6.6%,"$27,374,672","$235,981,186","$1,894,342,635",0.12
169,IoTeX IOTX,$0.024670439605,0.9%,-4.1%,-0.6%,"$21,047,468","$233,876,851","$235,077,339",0.99
170,Ronin RON,$1.07,0.5%,4.4%,1.9%,"$1,565,892","$228,763,658","$1,068,435,513",0.21
171,Escoin ELG,$2.85,0.1%,1.2%,0.7%,"$331,876","$228,752,259",-,-
172,LUKSO LYXE,$14.57,0.2%,-1.2%,1.2%,"$1,639,121","$227,002,468","$1,457,394,043",0.16
173,Euro Tether EURT,$1.10,-0.1%,-0.1%,0.1%,"$1,807,023","$226,699,999","$440,196,727",0.51
174,Helium HNT,$1.57,0.2%,2.2%,-13.9%,"$50,952,195","$225,886,460","$349,968,689",0.65
175,JUST JST,$0.024890918670,-0.2%,0.8%,-4.4%,"$9,939,671","$221,966,952","$246,849,368",0.90
176,0x Protocol ZRX,$0.254041,0.4%,2.9%,-3.5%,"$23,153,420","$215,215,428","$253,942,690",0.85
177,Band Protocol BAND,$1.71,-0.2%,1.9%,-0.2%,"$12,731,959","$214,957,727","$230,052,976",0.93
178,Gains Farm GFARM2,"$5,938.86",-,-,-,-,"$212,807,171","$212,807,171",-
179,Moonbeam GLMR,$0.335938,0.6%,2.0%,-4.6%,"$7,019,936","$210,589,491","$357,263,832",0.59
180,Kadena KDA,$0.902366,0.3%,0.2%,-1.8%,"$5,487,425","$208,552,556","$904,147,928",0.23
181,Ontology ONT,$0.234194,-0.1%,1.5%,-2.8%,"$11,434,723","$207,386,110",-,-
182,Bone ShibaSwap BONE,$0.882235,-0.8%,-2.9%,-14.8%,"$12,617,853","$204,098,907","$221,920,503",0.92
183,Sushi SUSHI,$1.05,-0.0%,1.9%,-0.1%,"$27,298,809","$202,076,329","$262,043,037",0.77
184,Siacoin SC,$0.003891150203,0.5%,1.4%,-2.3%,"$3,370,480","$200,519,833",-,-
185,Astrafer ASTRAFER,$1.27,0.0%,-2.3%,-6.2%,"$52,356.86","$200,294,222","$1,136,201,655",0.18
186,UMA UMA,$2.80,-6.1%,34.5%,47.2%,"$257,312,502","$199,922,877","$318,808,157",0.63
187,IOST IOST,$0.010602367050,0.2%,2.1%,1.2%,"$10,143,252","$198,706,901","$955,888,730",0.21
188,SSV Network SSV,$27.53,3.1%,18.6%,5.1%,"$32,698,887","$194,645,638","$304,285,101",0.64
189,WAX WAXP,$0.065770755658,-0.2%,1.5%,-4.4%,"$2,698,773","$192,630,521","$248,145,427",0.78
190,Polymath POLY,$0.212126,6.6%,2.3%,2.0%,"$4,066,594","$190,669,048",-,-
191,Reserve Rights RSR,$0.003748979577,0.1%,4.3%,-2.8%,"$8,933,953","$190,509,597","$376,501,180",0.51
192,Waves WAVES,$1.90,0.0%,-0.3%,-1.2%,"$17,987,549","$190,419,338","$190,419,338",1.00
193,FUBT Token FUC,$2.15,-,-,-,-,"$189,799,373","$215,001,104",-
194,Amp AMP,$0.003367850637,0.0%,0.1%,-4.6%,"$3,017,381","$189,128,087","$335,092,300",0.56
195,TerraClassicUSD USTC,$0.019056984133,-0.2%,-2.0%,-9.5%,"$6,171,883","$187,628,235",-,-
196,Biconomy BICO,$0.346952,0.3%,0.5%,-2.2%,"$2,268,283","$185,605,137","$347,201,921",0.53
197,Blox CDT,$0.272725,-3.0%,14.1%,-18.6%,"$129,810","$184,660,047",-,-
198,tomiNet TOMI,$3.12,0.1%,4.4%,4.5%,"$11,071,572","$184,050,907",-,-
199,Staked Frax Ether SFRXETH,"$1,902.59",-,-,-,-,"$179,611,820","$201,714,384",-
200,Gains Network GNS,$5.84,0.4%,2.6%,-4.1%,"$18,454,636","$178,234,628","$178,234,628",1.00
201,Radicle RAD,$3.56,-1.4%,-22.6%,73.0%,"$402,219,068","$177,724,257","$356,667,528",0.50
202,Multichain MULTI,$9.16,0.4%,0.4%,-3.5%,"$2,081,476","$177,545,267",-,-
203,BORA BORA,$0.175087,0.1%,0.3%,-0.4%,"$1,665,048","$173,907,740","$211,008,058",0.82
204,Open Campus EDU,$1.19,-0.2%,-3.7%,-15.2%,"$8,712,130","$172,772,658","$1,190,571,046",0.15
205,SKALE SKL,$0.038311768455,0.3%,2.1%,-1.9%,"$20,343,376","$172,564,049","$267,876,219",0.64
207,Alchemix USD ALUSD,$0.997183,-0.0%,-0.2%,0.1%,"$141,659","$171,372,479",-,-
206,Flux FLUX,$0.574714,0.2%,0.2%,-4.0%,"$5,104,001","$170,847,336",-,-
208,ECOMI OMI,$0.000598391354,-1.4%,-1.0%,-12.6%,"$851,933","$164,641,625","$450,367,092",0.37
209,SafePal SFP,$0.443671,0.7%,3.0%,1.0%,"$3,123,579","$164,329,578","$222,192,105",0.74
210,Bitcoin Avalanche Bridged (BTC.b) BTC.B,"$29,657.46",0.3%,2.4%,0.9%,"$6,557,361","$164,282,437",-,-
211,SwissBorg CHSB,$0.171307,0.3%,-2.6%,-3.6%,"$842,629","$163,267,126",-,-
212,SPACE ID ID,$0.568859,1.4%,-2.6%,-17.3%,"$98,197,459","$162,961,139","$1,139,588,388",0.14
213,Cartesi CTSI,$0.215503,-0.7%,0.1%,-4.3%,"$38,847,335","$158,263,709","$216,231,987",0.73
214,inSure DeFi SURE,$0.005946204929,0.3%,3.2%,-3.5%,"$3,806,755","$157,706,234","$524,410,477",0.30
215,Ocean Protocol OCEAN,$0.358685,0.2%,1.9%,-3.4%,"$21,127,819","$155,879,184","$506,396,452",0.31
216,Liquity LQTY,$1.69,0.0%,0.9%,-9.7%,"$9,521,916","$155,855,569","$169,608,506",0.92
217,Livepeer LPT,$5.57,0.2%,1.5%,-0.4%,"$16,005,014","$154,969,120","$154,969,120",1.00
218,Hive HIVE,$0.409174,-0.8%,0.3%,0.1%,"$2,434,373","$152,489,153",-,-
219,Bitkub Coin KUB,$1.71,-0.4%,1.0%,-3.3%,"$270,498","$152,273,389","$188,520,797",0.81
220,sETH2 SETH2,"$1,986.59",0.4%,6.5%,5.7%,"$35,538.91","$151,468,578",-,-
221,Synapse SYN,$0.786530,0.9%,4.8%,-4.5%,"$12,397,199","$149,516,065","$196,609,985",0.76
222,OMG Network OMG,$1.06,-0.4%,0.5%,1.6%,"$24,854,628","$149,070,554","$149,070,554",1.00
223,Alchemy Pay ACH,$0.030086949171,0.8%,3.7%,-8.3%,"$21,699,627","$148,740,582","$300,869,492",0.49
224,DigiByte DGB,$0.009128361414,0.5%,1.5%,-2.4%,"$1,795,313","$148,285,820",-,-
225,AVINOC AVINOC,$0.878393,5.2%,4.7%,-7.1%,"$113,310","$146,932,852",-,-
226,Axelar AXL,$0.586163,-0.0%,0.6%,14.6%,"$3,046,453","$146,008,004","$620,469,723",0.24
227,Access Protocol ACS,$0.004869722523,1.3%,-4.0%,-9.0%,"$2,212,715","$145,061,882","$487,848,446",0.30
228,Dogelon Mars ELON,$0.000000263101,-0.1%,1.7%,-1.3%,"$4,021,319","$144,366,814","$262,652,272",0.55
229,Evmos EVMOS,$0.289956,0.0%,3.6%,-11.7%,"$1,190,808","$142,633,448","$289,027,213",0.49
230,Stargate Finance STG,$0.785747,0.3%,4.4%,-1.3%,"$20,739,818","$142,406,306","$787,552,997",0.18
231,NuCypher NU,$0.109960,-0.0%,9.3%,8.2%,$53.18,"$142,215,916","$425,002,823",0.33
233,JOE JOE,$0.403872,-0.2%,2.7%,-19.9%,"$19,675,411","$141,212,423","$202,698,013",0.70
232,aelf ELF,$0.305845,0.2%,2.0%,2.9%,"$3,733,430","$141,095,296",-,-
234,Lisk LSK,$0.970449,-0.6%,1.5%,-0.6%,"$2,636,878","$140,748,442",-,-
235,Krypton DAO KRD,$1.34,-2.4%,5.1%,-35.7%,"$12,379.73","$139,481,554","$13,613,650,987",0.01
236,ArbDoge AI AIDOGE,$0.000000000690,-4.9%,-6.8%,135.2%,"$245,874,423","$138,191,523","$148,600,252",0.93
237,Decentralized Social DESO,$12.93,-1.2%,3.5%,-7.3%,"$173,854","$138,110,615","$141,732,965",0.97
238,Telcoin TEL,$0.001984965999,0.2%,-1.6%,-8.3%,"$1,282,416","$137,003,741",-,-
239,STASIS EURO EURS,$1.10,-0.1%,-0.0%,0.1%,"$10,451,695","$136,678,537","$136,678,537",1.00
240,Tribe TRIBE,$0.295720,0.2%,1.5%,-0.9%,"$600,197","$135,054,146","$296,812,167",0.46
241,Core CORE,$1.21,-0.2%,-6.5%,-20.2%,"$24,960,469","$134,681,628","$2,545,151,226",0.05
242,Polymesh POLYX,$0.176249,0.4%,-0.3%,-5.8%,"$27,591,782","$134,132,354","$134,132,354",1.00
243,OriginTrail TRAC,$0.349906,0.4%,1.2%,-8.1%,"$1,796,429","$134,115,630","$175,177,842",0.77
244,Bitgert BRISE,$0.000000334534,-0.1%,-0.6%,-17.3%,"$3,362,375","$132,522,669","$334,916,895",0.40
245,Celer Network CELR,$0.023317698723,-0.4%,2.8%,-2.8%,"$12,202,629","$131,916,879","$233,669,174",0.56
246,Metis METIS,$29.84,1.9%,14.3%,11.3%,"$7,219,750","$130,005,254","$298,566,053",0.44
247,Horizen ZEN,$9.51,0.3%,-0.6%,-3.6%,"$6,042,727","$129,954,458","$199,877,770",0.65
248,RSK Infrastructure Framework RIF,$0.133182,2.5%,-2.3%,6.3%,"$8,790,860","$128,128,462",-,-
249,API3 API3,$1.49,0.1%,2.1%,-3.8%,"$5,345,991","$125,494,171","$185,188,339",0.68
250,Nervos Network CKB,$0.003749890469,-0.3%,2.7%,-8.7%,"$5,116,199","$125,417,793",-,-
251,COCOS BCX COCOS,$1.74,0.4%,0.2%,-8.6%,"$21,352,917","$124,129,336",-,-
252,Aragon ANT,$3.06,0.4%,4.7%,-6.5%,"$18,385,335","$122,890,229","$138,439,971",0.89
253,iExec RLC RLC,$1.68,-0.5%,-0.7%,5.2%,"$14,688,714","$122,536,377","$147,281,890",0.83
254,Celsius Network CEL,$0.286216,0.4%,3.1%,1.3%,"$803,335","$122,267,573",-,-
255,e-Radix EXRD,$0.078693915742,-2.0%,-7.6%,-26.5%,"$159,621","$121,089,744","$1,913,527,548",0.06
256,Energy Web EWT,$2.61,-0.1%,0.2%,-8.2%,"$876,298","$120,747,690","$260,041,381",0.46
257,VVS Finance VVS,$0.000003464227,-0.4%,-1.1%,-9.4%,"$492,289","$120,704,519","$347,403,832",0.35
258,Ecoin ECOIN,$0.000260031018,-0.1%,0.1%,-16.2%,$10.40,"$120,029,379",-,-
259,Secret SCRT,$0.577522,0.3%,-0.3%,-9.0%,"$1,821,425","$119,209,081",-,-
260,Pundi X PUNDIX,$0.454611,-0.2%,0.9%,-0.5%,"$3,268,040","$117,949,564","$117,949,564",1.00
261,PlayDapp PLA,$0.212760,-0.0%,0.3%,-1.7%,"$6,023,890","$117,184,996",-,-
262,Stride STRD,$1.39,0.2%,-0.5%,-12.0%,"$106,198","$116,951,541","$138,570,963",0.84
263,Ribbon Finance RBN,$0.169244,-0.4%,-1.0%,4.6%,"$472,374","$116,796,266","$169,380,672",0.69
264,CANTO CANTO,$0.239901,0.1%,1.2%,-11.5%,"$4,823,068","$115,042,335","$240,077,770",0.48
265,Gitcoin GTC,$1.88,1.2%,6.3%,13.5%,"$22,223,012","$114,643,654","$188,864,314",0.61
266,Kyber Network Crystal KNC,$0.684254,0.2%,2.7%,-2.6%,"$16,231,748","$114,366,666","$172,677,559",0.66
267,Radiant Capital RDNT,$0.426616,0.9%,6.2%,10.0%,"$58,765,109","$114,061,414","$425,679,592",0.27
268,cUSDT CUSDT,$0.014510570359,-,-,-,-,"$113,820,657",-,-
269,CoinEx CET,$0.036536345884,-0.5%,-0.3%,0.1%,"$981,465","$112,485,426","$369,682,416",0.30
270,ConstitutionDAO PEOPLE,$0.021603995706,0.5%,3.4%,3.7%,"$34,031,528","$109,703,120","$109,703,120",1.00
271,Coin98 C98,$0.233567,0.2%,2.8%,-1.4%,"$6,769,649","$109,377,055","$233,961,620",0.47
272,Function X FX,$0.180269,0.4%,2.4%,-1.9%,"$527,250","$109,249,067","$340,923,845",0.32
273,Ergo ERG,$1.58,-0.0%,0.7%,-9.2%,"$264,735","$109,229,207",-,-
274,DeXe DEXE,$2.98,0.3%,1.1%,-6.2%,"$1,851,554","$108,659,775",-,-
275,Marinade staked SOL MSOL,$25.64,1.3%,6.4%,-0.9%,"$1,605,428","$108,504,221","$108,504,221",1.00
276,Syscoin SYS,$0.150620,0.6%,2.7%,-0.2%,"$1,206,177","$107,193,437","$113,123,175",0.95
277,Smooth Love Potion SLP,$0.002558916950,0.6%,0.4%,-1.7%,"$12,741,019","$107,143,168",-,-
278,Decimal DEL,$0.029395404726,-0.7%,-3.2%,-10.0%,"$98,807.96","$106,578,534","$2,706,460,670",0.04
279,Merit Circle MC,$0.277519,0.4%,2.8%,-2.4%,"$1,883,111","$106,186,363","$180,021,296",0.59
280,Nano XNO,$0.793398,0.4%,1.9%,-1.2%,"$428,976","$105,966,404","$105,966,404",1.00
281,Status SNT,$0.026668997448,0.0%,0.6%,-1.3%,"$975,949","$105,947,211",-,-
282,BENQI Liquid Staked AVAX SAVAX,$18.80,0.2%,2.5%,-0.7%,"$952,329","$105,748,934",-,-
283,My Neighbor Alice ALICE,$1.52,-0.0%,0.8%,-5.2%,"$14,013,767","$105,523,076","$152,621,275",0.69
284,APENFT NFT,$0.000000372422,-0.2%,0.5%,1.3%,"$8,330,294","$103,186,464","$372,402,275",0.28
285,Numeraire NMR,$16.38,0.3%,0.1%,-0.6%,"$3,299,323","$102,552,224","$181,046,036",0.57
286,MiL.k Alliance MLK,$0.357265,-1.3%,-0.7%,-5.0%,"$6,255,233","$99,976,958","$464,340,978",0.22
287,Songbird SGB,$0.008795059083,0.5%,-4.5%,-10.6%,"$919,201","$99,875,182","$150,725,226",0.66
288,Artificial Liquid Intelligence ALI,$0.027642616195,-0.3%,-3.2%,-0.1%,"$3,240,759","$99,185,044","$276,422,853",0.36
289,Lido Staked SOL STSOL,$25.49,1.2%,6.3%,-0.8%,"$2,008,034","$98,997,403","$98,997,279",1.00
290,Metars Genesis MRS,$1.57,0.6%,17.4%,1.3%,"$77,955.46","$98,361,219",-,-
291,Humanscape HUM,$0.106986,0.7%,0.9%,3.8%,"$2,192,257","$98,176,958","$116,591,668",0.84
292,Constellation DAG,$0.037353106635,0.7%,-1.0%,4.3%,"$637,542","$97,830,648",-,-
293,Orbs ORBS,$0.029559822649,-0.1%,1.3%,-1.2%,"$1,218,209","$97,796,527",-,-
295,COTI COTI,$0.080389474835,-0.1%,3.7%,0.9%,"$7,011,431","$97,075,837","$161,144,440",0.60
296,MangoMan Intelligent MMIT,$0.000000532303,1.1%,-0.8%,-2.1%,"$920,916","$96,849,974","$1,116,457,653",0.09
294,Alpha Venture DAO ALPHA,$0.124868,0.2%,0.3%,2.2%,"$7,010,138","$96,647,764","$124,867,912",0.77
297,Agoric BLD,$0.222347,1.7%,8.0%,-5.7%,"$636,105","$96,263,932","$277,905,129",0.35
298,SafeMoon SFM,$0.000177233016,9.2%,5.0%,5.2%,"$1,285,123","$95,566,309",-,-
299,Hashflow HFT,$0.541943,0.2%,0.7%,-10.5%,"$11,990,667","$94,964,344","$541,943,737",0.18
300,GalleryCoin GLR,$0.392327,-0.3%,-0.2%,1.0%,"$168,953","$94,828,735","$790,213,118",0.12
